,run_path,mode,params,n_gold_total,n_eval,coverage,tp,tn,fp,fn,accuracy,precision,recall,f1,auc_roc,cohens_d_gold,cohens_d_pred
0,/content/drive/MyDrive/qBias/BABE/BABE_10listwise_4rounds.pkl,listwise_sort_and_merge_rounds,"{'n_rounds': 4, 'k': 10, 'overlap': 3, 'boundary_passes': 1, 'grouping_strategy': 'similar', 'randomness_factor': 0.1}",3674,3673,1.0,1395,1431,432,415,0.7693983120065342,0.7635467980295566,0.7707182320441989,0.7671157547429199,0.8509989531528486,1.4793715404329721,2.818344367176519
1,/content/drive/MyDrive/qBias/BABE/BABE_10listwise_10rounds_k64.pkl,listwise_sort_and_merge_rounds,"{'n_rounds': 10, 'k': 10, 'overlap': 3, 'boundary_passes': 1, 'grouping_strategy': 'similar', 'randomness_factor': 0.1}",3674,3673,1.0,1417,1470,393,393,0.7860059896542336,0.7828729281767955,0.7828729281767955,0.7828729281767955,0.864646222008701,1.5616027374878843,2.8514060791658418
2,/content/drive/MyDrive/qBias/BABE/BABE_10listwise_6rounds.pkl,listwise_sort_and_merge_rounds,"{'n_rounds': 6, 'k': 10, 'overlap': 3, 'boundary_passes': 1, 'grouping_strategy': 'similar', 'randomness_factor': 0.1}",3674,3673,1.0,1402,1445,418,408,0.7751157092295127,0.7703296703296704,0.7745856353591161,0.7724517906336089,0.857127012511751,1.513718258741021,2.813718620574792
3,/content/drive/MyDrive/qBias/BABE/BABE_elo_scores_par_5nano_24round_rnd01_init1500_k32.pkl,unknown,{},3674,3673,1.0,1434,1469,394,376,0.7903621018241219,0.7844638949671773,0.7922651933701658,0.788345244639912,0.866817021200879,1.4414612015211348,2.2783626512209687
4,/content/drive/MyDrive/qBias/BABE/BABE_baseline.pkl,unknown,{},3674,3673,1.0,1139,1588,275,671,0.7424448679553498,0.8055162659123055,0.6292817679558012,0.706575682382134,0.8302220027698449,1.467245932001865,3.7950028808340472
